o_zone_id,d_zone_id,volume
413,478,5115.864128
767,177,2574.792836
141,177,3994.461334
413,254,4619.155976
413,323,4141.470796
