agent_id,o_zone_id,d_zone_id,path_id,agent_type,demand_period,volume,toll,travel_time,distance,node_sequence,link_sequence,time_sequence,time_decimal_sequence,link_travel_time_sequence,geometry
1,1020,2005,0,p,AM,2200.00,0.0,4.7073,5.7754,30300;48200;48101;6502;6600;50300;50303;49503;49504;49502;46700;47100;47200;25201;1301;1400;34801;37900;7301;7201;57300;4001;4000;3901;51300;19301;52000;36401;36301;41000;40302;40301;24603;24600;54700;56900;56901;43501;43301;60700;,218;367;366;30;31;1124;481;482;1062;472;352;356;357;177;0;1;253;269;39;38;464;989;17;16;402;134;407;264;263;297;960;291;965;172;444;1006;461;325;323;,0730;0730;0730;0730;0730;0730;0730;0731;0731;0731;0731;0731;0731;0731;0731;0731;0732;0732;0732;0732;0732;0732;0732;0732;0732;0733;0733;0733;0733;0734;0734;0734;0734;0734;0734;0734;0734;0734;0734;0734;,450.00;450.55;450.57;450.65;450.79;450.93;450.95;451.11;451.15;451.19;451.34;451.39;451.41;451.43;451.66;451.84;452.02;452.07;452.20;452.21;452.25;452.33;452.36;452.36;452.53;453.02;453.49;453.81;453.92;454.09;454.11;454.13;454.14;454.16;454.19;454.45;454.49;454.55;454.56;454.71;,0.55;0.02;0.08;0.14;0.14;0.02;0.16;0.04;0.03;0.16;0.05;0.02;0.02;0.23;0.17;0.18;0.05;0.13;0.01;0.04;0.08;0.03;0.00;0.17;0.48;0.48;0.31;0.12;0.17;0.02;0.02;0.01;0.02;0.03;0.26;0.04;0.06;0.01;0.15;,"LINESTRING (-76.905587 39.012843, -76.899271 39.007351, -76.899041 39.007081, -76.898251 39.006171, -76.896891 39.004611, -76.895545 39.003098, -76.895521 39.002871, -76.896498 39.001555, -76.896769 39.001189, -76.896916 39.000985, -76.897831 38.999679, -76.898119 38.999251, -76.898229 38.999111, -76.898339 38.998961, -76.899789 38.997021, -76.901129 38.995211, -76.902731 38.993389, -76.903209 38.992931, -76.904509 38.991751, -76.904639 38.991621, -76.905069 38.991221, -76.905846 38.990497, -76.906050 38.990325, -76.906069 38.990311, -76.907519 38.988611, -76.909860 38.983111, -76.912710 38.977871, -76.913770 38.975011, -76.914340 38.973971, -76.915200 38.972521, -76.915311 38.972338, -76.915374 38.972232, -76.915426 38.972128, -76.915487 38.972022, -76.915640 38.971761, -76.916821 38.969818, -76.916941 38.969603, -76.917180 38.969151, -76.917219 38.969091, -76.917903 38.967925)"
